name,description,cookTime,difficulty,servings,image,ingredients,instructions
"Thai Green Curry","Spicy and aromatic Thai curry with coconut milk and fresh herbs","35 mins","Medium",4,"https://images.unsplash.com/photo-1455619452474-d2be8b1e70cd?ixlib=rb-4.0.3&auto=format&fit=crop&w=600&h=400","Chicken thighs | 2 lbs | fresh
Coconut milk | 2 cans | pantry
Green curry paste | 3 tbsp | pantry
Thai basil | 1 bunch | fresh
Fish sauce | 2 tbsp | pantry
Palm sugar | 1 tbsp | pantry
Thai eggplant | 6 pieces | fresh","Cut chicken into bite-sized pieces.
Heat 1/2 can coconut milk until oil separates.
Add curry paste and fry until fragrant.
Add chicken and cook until nearly done.
Add remaining coconut milk and eggplant.
Season with fish sauce and palm sugar.
Simmer until eggplant is tender.
Garnish with Thai basil leaves."
"French Coq au Vin","Classic French braised chicken in red wine with mushrooms and pearl onions","2.5 hours","Hard",6,"https://images.unsplash.com/photo-1612929633738-8fe44f7ec841?ixlib=rb-4.0.3&auto=format&fit=crop&w=600&h=400","Whole chicken | 1 (4 lbs) | fresh
Red wine | 1 bottle | pantry
Pearl onions | 12 oz | fresh
Button mushrooms | 8 oz | fresh
Bacon | 6 strips | fresh
Chicken stock | 2 cups | pantry
Thyme | 2 sprigs | fresh","Cut chicken into pieces and season with salt and pepper.
Cook bacon until crispy, remove and set aside.
Brown chicken pieces in bacon fat.
Add pearl onions and mushrooms, cook until browned.
Add wine and stock, bring to simmer.
Add thyme and return bacon to pot.
Cover and braise for 1.5-2 hours until tender.
Serve with crusty bread or mashed potatoes."